"","State.Name","TP.TotPop","PS.GWPop","PS.SWPop","PS.TOPop","PS.WGWFr","PS.WGWSa","PS.WGWTo","PS.WSWFr","PS.WSWSa","PS.WSWTo","PS.WFrTo","PS.WSaTo","PS.Wtotl","DO.SSPop","DO.WGWFr","DO.WSWFr","DO.WFrTo","DO.PSDel","DO.TOTAL","IN.WGWFr","IN.WGWSa","IN.WGWTo","IN.WSWFr","IN.WSWSa","IN.WSWTo","IN.WFrTo","IN.WSaTo","IN.Wtotl","IR.WGWFr","IR.WSWFr","IR.WFrTo","IR.IrSpr","IR.IrMic","IR.IrSur","IR.IrTot","IC.WGWFr","IC.WSWFr","IC.WFrTo","IC.IrSpr","IC.IrMic","IC.IrSur","IC.IrTot","IG.WGWFr","IG.WSWFr","IG.WFrTo","IG.IrSpr","IG.IrMic","IG.IrSur","IG.IrTot","LI.WGWFr","LI.WSWFr","LI.WFrTo","AQ.WGWFr","AQ.WGWSa","AQ.WGWTo","AQ.WSWFr","AQ.WSWSa","AQ.WSWTo","AQ.WFrTo","AQ.WSaTo","AQ.WTotl","MI.WGWFr","MI.WGWSa","MI.WGWTo","MI.WSWFr","MI.WSWSa","MI.WSWTo","MI.WFrTo","MI.WSaTo","MI.Wtotl","PT.WGWFr","PT.WGWSa","PT.WGWTo","PT.WSWFr","PT.WSWSa","PT.WSWTo","PT.WFrTo","PT.WSaTo","PT.Wtotl","PT.Power","PO.WGWFr","PO.WGWSa","PO.WGWTo","PO.WSWFr","PO.WSWSa","PO.WSWTo","PO.WFrTo","PO.WSaTo","PO.WTotl","PO.Power","PC.WGWFr","PC.WGWSa","PC.WGWTo","PC.WSWFr","PC.WSWSa","PC.WSWTo","PC.WFrTo","PC.WSaTo","PC.WTotl","PC.Power","TO.WGWFr","TO.WGWSa","TO.WGWTo","TO.WSWFr","TO.WSWSa","TO.WSWTo","TO.WFrTo","TO.WSaTo","TO.WTotl"
"1","alabama",71.3393432835821,NA,NA,63.2886865671642,4.1865671641791,0,4.1865671641791,8.21746268656716,0,8.21746268656716,12.4040298507463,0,12.4040298507463,8.05065671641791,0.566716417910448,0,0.566716417910448,4.87597014925373,5.44268656716418,0.506716417910448,0,0.506716417910448,8.06686567164179,0,8.06686567164179,8.57358208955224,0,8.57358208955224,1.26716417910448,1.1044776119403,2.37164179104478,2.23298507462687,0.0211940298507463,0.00776119402985075,2.26194029850746,1.26716417910448,0.861641791044776,2.12880597014925,1.8555223880597,0.0211940298507463,0.00776119402985075,1.8844776119403,0,0.242835820895522,0.242835820895522,0.377462686567164,0,0,0.377462686567164,0.174328358208955,0.22089552238806,0.395223880597015,0.484328358208955,NA,0.484328358208955,0.397761194029851,NA,0.397761194029851,0.882089552238806,0,0.882089552238806,0.189850746268657,0,0.189850746268657,0.111791044776119,0,0.111791044776119,0.301641791044776,0,0.301641791044776,0,0,0,123.161343283582,0,123.161343283582,123.161343283582,0,123.161343283582,1865.28328358209,0,0,0,121.167611940298,0,121.167611940298,121.167611940298,0,121.167611940298,1108.99895522388,0,0,0,1.99373134328358,0,1.99373134328358,1.99373134328358,0,1.99373134328358,756.284328358209,7.37567164179104,0,7.37567164179104,141.280597014925,0,141.280597014925,148.656268656716,0,148.656268656716
"2","alaska",24.490724137931,NA,NA,15.5102413793103,0.938965517241379,0,0.938965517241379,1.78689655172414,0,1.78689655172414,2.72586206896552,0,2.72586206896552,8.98048275862069,0.487586206896552,0.0227586206896552,0.510344827586207,1.69586206896552,2.20620689655172,0.116551724137931,0,0.116551724137931,0.151724137931034,0.148275862068966,0.3,0.268275862068966,0.148275862068966,0.416551724137931,0.0541379310344828,0.000689655172413793,0.0548275862068966,0.106896551724138,0,0.00241379310344828,0.109310344827586,0.0375862068965517,0.000689655172413793,0.0382758620689655,0.0868965517241379,0,0.00241379310344828,0.0893103448275862,0.016551724137931,0,0.016551724137931,0.02,0,0,0.02,0.00344827586206897,0.00517241379310345,0.00862068965517241,14.8031034482759,NA,14.8031034482759,8.77793103448276,NA,8.77793103448276,23.5810344827586,0,23.5810344827586,0.000344827586206897,4.98137931034483,4.98172413793103,0.830344827586207,2.63344827586207,3.46379310344828,0.830689655172414,7.6148275862069,8.44551724137931,0.0755172413793103,0,0.0755172413793103,1.92413793103448,0,1.92413793103448,1.99965517241379,0,1.99965517241379,60.7724137931034,0,0,0,1.92413793103448,0,1.92413793103448,1.92413793103448,0,1.92413793103448,18.3793103448276,0.0755172413793103,0,0.0755172413793103,0,0,0,0.0755172413793103,0,0.0755172413793103,42.3931034482759,16.4796551724138,4.98137931034483,21.4610344827586,13.4996551724138,2.78172413793103,16.2813793103448,29.9793103448276,7.76310344827586,37.7424137931034
"3","arizona",426.155533333333,231.981466666667,179.6294,411.610866666667,39.0046666666667,0,39.0046666666667,41.89,0,41.89,80.8946666666667,0,80.8946666666667,14.5446666666667,1.812,0,1.812,60.8006666666667,62.6126666666667,0.861333333333333,0,0.861333333333333,0,0,0,0.861333333333333,0,0.861333333333333,112.926,191.698666666667,304.624666666667,13.0033333333333,1.87133333333333,51.336,66.2106666666667,107.827333333333,189.053333333333,296.880666666667,11.0246666666667,1.87133333333333,51.336,64.232,5.09866666666667,2.64533333333333,7.744,1.97866666666667,0,0,1.97866666666667,1.79733333333333,0,1.79733333333333,2.634,NA,2.634,0.518,NA,0.518,3.152,0,3.152,5.774,0,5.774,0,0,0,5.774,0,5.774,5.152,0,5.152,1.80933333333333,0,1.80933333333333,6.96133333333333,0,6.96133333333333,5777.98066666667,0,0,0,0,0,0,0,0,0,0,5.152,0,5.152,1.80933333333333,0,1.80933333333333,6.96133333333333,0,6.96133333333333,5777.98066666667,169.961333333333,0,169.961333333333,235.916,0,235.916,405.877333333333,0,405.877333333333
"4","arkansas",38.8789066666667,13.1387066666667,23.8144133333333,36.95312,1.78213333333333,0,1.78213333333333,3.93346666666667,0,3.93346666666667,5.7156,0,5.7156,1.92578666666667,0.1712,0,0.1712,3.93893333333333,4.11013333333333,0.748266666666667,0.0673333333333333,0.8156,2.85866666666667,0,2.85866666666667,3.60693333333333,0.0673333333333333,3.67426666666667,98.3777333333333,17.8853333333333,116.263066666667,6.91293333333333,0,55.3816,62.2945333333333,98.3777333333333,17.8853333333333,116.263066666667,6.91293333333333,0,55.3816,62.2945333333333,0,0,0,0,0,0,0,0.207466666666667,0.312,0.519466666666667,2.4152,NA,2.4152,1.1528,NA,1.1528,3.568,0,3.568,0.0024,0,0.0024,0.588133333333333,0,0.588133333333333,0.590533333333333,0,0.590533333333333,0.0568,0,0.0568,20.4672,0,20.4672,20.524,0,20.524,653.068666666667,0.0106666666666667,0,0.0106666666666667,19.6872,0,19.6872,19.6978666666667,0,19.6978666666667,267.860133333333,0.0461333333333333,0,0.0461333333333333,0.78,0,0.78,0.826133333333333,0,0.826133333333333,385.208533333333,103.7612,0.0673333333333333,103.828533333333,47.1976,0,47.1976,150.9588,0.0673333333333333,151.026133333333
"5","california",642.309586206897,251.339172413793,348.279948275862,599.619120689655,47.2793103448276,1.45327586206897,48.7325862068965,59.8660344827586,0,59.8660344827586,107.145344827586,1.45327586206897,108.598620689655,42.6904655172414,2.45637931034483,0.507758620689655,2.96413793103448,66.6489655172414,69.6131034482759,6.88396551724138,0,6.88396551724138,0.0194827586206897,0,0.0194827586206897,6.90344827586207,0,6.90344827586207,149.758275862069,247.767413793103,397.525689655172,30.9051724137931,49.876724137931,97.6893103448276,178.471206896552,147.471896551724,246.380344827586,393.85224137931,29.3318965517241,49.876724137931,97.6893103448276,176.897931034483,2.28637931034483,1.38706896551724,3.67344827586207,1.57327586206897,0,0,1.57327586206897,1.45534482758621,1.78241379310345,3.23775862068966,2.95206896551724,NA,2.95206896551724,13.8296551724138,NA,13.8296551724138,16.781724137931,0,16.781724137931,0.415862068965517,4.06896551724138,4.4848275862069,0.211206896551724,0.000862068965517241,0.212068965517241,0.627068965517241,4.0698275862069,4.69689655172414,0.571379310344828,0.835344827586207,1.40672413793103,0.55551724137931,111.849827586207,112.405344827586,1.12689655172414,112.685172413793,113.812068965517,1472.95844827586,0.0125862068965517,0,0.0125862068965517,0,111.831896551724,111.831896551724,0.0125862068965517,111.831896551724,111.844482758621,692.109827586207,0.558793103448276,0.835344827586207,1.39413793103448,0.55551724137931,0.0179310344827586,0.573448275862069,1.11431034482759,0.853275862068966,1.96758620689655,780.848620689655,211.772586206897,6.35758620689655,218.130172413793,324.539482758621,111.850689655172,436.390172413793,536.312068965517,118.208275862069,654.520344827586
"6","colorado",78.5811875,10.34175,63.370390625,73.712140625,2.0346875,0,2.0346875,11.20796875,0,11.20796875,13.24265625,0,13.24265625,4.869046875,0.59265625,0,0.59265625,8.1409375,8.73359375,0.05390625,0,0.05390625,1.9809375,0,1.9809375,2.03484375,0,2.03484375,20.26078125,131.5315625,151.79234375,22.08125,0.003125,30.09671875,52.18109375,20.144375,131.0765625,151.2209375,21.674375,0.003125,30.09671875,51.77421875,0.11640625,0.455,0.57140625,0.406875,0,0,0.406875,0.39171875,0.184375,0.57609375,0.36,NA,0.36,1.5465625,NA,1.5465625,1.9065625,0,1.9065625,0.0853125,0.3034375,0.38875,0.04765625,0,0.04765625,0.13296875,0.3034375,0.43640625,0.2621875,0,0.2621875,0.940625,0,0.940625,1.2028125,0,1.2028125,598.14265625,0.06140625,0,0.06140625,0.21515625,0,0.21515625,0.2765625,0,0.2765625,11.285,0.20078125,0,0.20078125,0.72546875,0,0.72546875,0.92625,0,0.92625,586.85765625,24.04125,0.3034375,24.3446875,147.4396875,0,147.4396875,171.4809375,0.3034375,171.784375
"7","connecticut",446.762125,NA,NA,337.8405,16.8825,0,16.8825,36.5,0,36.5,53.3825,0,53.3825,108.921625,8.16875,0,8.16875,25.33875,33.5075,0.785,0,0.785,7.5225,4.8075,12.33,8.3075,4.8075,13.115,0.10625,2.88875,2.995,2.99875,0.22875,0,3.2275,NA,NA,NA,NA,NA,NA,NA,NA,NA,NA,NA,NA,NA,NA,0.12625,0,0.12625,0.83375,NA,0.83375,2.88125,NA,2.88125,3.715,0,3.715,0.115,0,0.115,0.475,0,0.475,0.59,0,0.59,0,0,0,24.7275,307.05,331.7775,24.7275,307.05,331.7775,2699.61125,0,0,0,24.715,307.05,331.765,24.715,307.05,331.765,2692.51,0,0,0,0.0125,0,0.0125,0.0125,0,0.0125,7.10125,27.0175,0,27.0175,74.995,311.8575,386.8525,102.0125,311.8575,413.87
"8","delaware",299.311333333333,90.3123333333333,147.243333333333,237.555666666667,14.92,0,14.92,11.1,0,11.1,26.02,0,26.02,61.7556666666667,4.94,0,4.94,19.0066666666667,23.9466666666667,2.81,0,2.81,29.1766666666667,0,29.1766666666667,31.9866666666667,0,31.9866666666667,28.7066666666667,5.07,33.7766666666667,43.9666666666667,0.37,0,44.3366666666667,27.45,4.84333333333333,32.2933333333333,43.0533333333333,0.37,0,43.4233333333333,1.25666666666667,0.226666666666667,1.48333333333333,0.913333333333333,0,0,0.913333333333333,0.436666666666667,0,0.436666666666667,0.02,NA,0.02,0,NA,0,0.02,0,0.02,0.146666666666667,0,0.146666666666667,0.136666666666667,0,0.136666666666667,0.283333333333333,0,0.283333333333333,0.123333333333333,0,0.123333333333333,2.48333333333333,139.083333333333,141.566666666667,2.60666666666667,139.083333333333,141.69,1718,0,0,0,0,139.083333333333,139.083333333333,0,139.083333333333,139.083333333333,982,0.123333333333333,0,0.123333333333333,2.48333333333333,0,2.48333333333333,2.60666666666667,0,2.60666666666667,736,52.1033333333333,0,52.1033333333333,47.9666666666667,139.083333333333,187.05,100.07,139.083333333333,239.153333333333
"9","district of columbia",601.723,0,601.723,601.723,0,0,0,0,0,0,0,0,0,0,0,0,0,74.94,74.94,0,0,0,0,0,0,0,0,0,0.05,0.05,0.1,0.32,0,0,0.32,0,0,0,0,0,0,0,0.05,0.05,0.1,0.32,0,0,0.32,0,0,0,0,NA,0,0,NA,0,0,0,0,0,0,0,0,0,0,0,0,0,0,0,0,0,0,0,0,0,0,0,0,0,0,0,0,0,0,0,0,0,0,0,0,0,0,0,0,0,0,0,0.05,0,0.05,0.05,0,0.05,0.1,0,0.1
"10","florida",280.616567164179,230.158970149254,21.9859104477612,252.144880597015,27.8291044776119,2.20328358208955,30.0323880597015,3.56238805970149,0.253283582089552,3.81567164179104,31.3914925373134,2.4565671641791,33.8480597014925,28.4716865671642,3.19164179104478,0,3.19164179104478,21.3470149253731,24.5386567164179,2.46940298507463,0,2.46940298507463,0.712089552238806,0,0.712089552238806,3.18149253731343,0,3.18149253731343,23.6017910447761,19.9779104477612,43.5797014925373,8.1789552238806,10.6246268656716,10.9176119402985,29.7211940298507,22.1546268656716,18.4929850746269,40.6476119402985,6.36283582089552,10.6246268656716,10.9176119402985,27.9050746268657,1.44716417910448,1.48492537313433,2.93208955223881,1.81611940298507,0,0,1.81611940298507,0.285223880597015,0.033134328358209,0.318358208955224,0.0277611940298507,NA,0.0277611940298507,0,NA,0,0.0277611940298507,0,0.0277611940298507,1.17537313432836,0,1.17537313432836,0.509253731343284,0,0.509253731343284,1.68462686567164,0,1.68462686567164,0.648955223880597,0.0976119402985075,0.746567164179105,8.50313432835821,127.843582089552,136.34671641791,9.15208955223881,127.941194029851,137.09328358209,2975.36567164179,0.121194029850746,0,0.121194029850746,7.76791044776119,126.29776119403,134.065671641791,7.88910447761194,126.29776119403,134.186865671642,1469.21641791045,0.527761194029851,0.0976119402985075,0.625373134328358,0.735223880597015,1.54582089552239,2.2810447761194,1.26298507462687,1.6434328358209,2.90641791044776,1506.14925373134,59.2292537313433,2.30089552238806,61.5301492537313,33.2979104477612,128.096865671642,161.394776119403,92.5271641791045,130.39776119403,222.924925373134
"11","georgia",60.9286477987421,10.456855345912,40.8483647798742,51.3052201257862,1.52566037735849,0,1.52566037735849,5.49012578616352,0,5.49012578616352,7.01578616352201,0,7.01578616352201,9.62342767295597,0.721823899371069,0,0.721823899371069,4.09169811320755,4.81352201257862,1.29433962264151,0,1.29433962264151,1.76937106918239,0,1.76937106918239,3.0637106918239,0,3.0637106918239,4.00289308176101,1.27251572327044,5.27540880503145,8.05037735849057,0.952955974842767,0,9.00333333333333,3.8677358490566,1.06421383647799,4.93194968553459,7.82220125786163,0.952955974842767,0,8.7751572327044,0.135157232704403,0.208301886792453,0.343459119496855,0.228176100628931,0,0,0.228176100628931,0.0149685534591195,0.169119496855346,0.184088050314465,0.0246540880503145,NA,0.0246540880503145,0.288553459119497,NA,0.288553459119497,0.313207547169811,0,0.313207547169811,0.121194968553459,0,0.121194968553459,0.0528930817610063,0,0.0528930817610063,0.174088050314465,0,0.174088050314465,0.0183647798742138,0,0.0183647798742138,11.131572327044,1.78018867924528,12.9117610062893,11.1499371069182,1.78018867924528,12.9301257861635,689.324528301887,0.00918238993710692,0,0.00918238993710692,9.2525786163522,1.78018867924528,11.0327672955975,9.26176100628931,1.78018867924528,11.0419496855346,105.225157232704,0.00918238993710692,0,0.00918238993710692,1.87899371069182,0,1.87899371069182,1.88817610062893,0,1.88817610062893,584.099371069182,7.72389937106918,0,7.72389937106918,20.1741509433962,1.78018867924528,21.9543396226415,27.8980503144654,1.78018867924528,29.6782389937107
"12","hawaii",272.0602,NA,NA,260.9234,51.614,0,51.614,3.16,0,3.16,54.774,0,54.774,11.1368,0.37,1.234,1.604,37.574,39.178,0.926,0,0.926,0,0,0,0.926,0,0.926,20.188,44.504,64.692,2.246,31.636,0,33.882,NA,NA,NA,NA,NA,NA,NA,NA,NA,NA,NA,NA,NA,NA,0.126,0.24,0.366,0.428,NA,0.428,0.48,NA,0.48,0.908,0,0.908,0.28,0,0.28,0.022,0,0.022,0.302,0,0.302,10.632,10.15,20.782,0,110.4,110.4,10.632,120.55,131.182,1365.314,10.568,9.384,19.952,0,110.4,110.4,10.568,119.784,130.352,1017.462,0.064,0.766,0.83,0,0,0,0.064,0.766,0.83,347.852,84.564,10.15,94.714,49.64,110.4,160.04,134.204,120.55,254.754
"13","idaho",35.6268636363636,NA,NA,25.8099318181818,4.80704545454545,0,4.80704545454545,0.615681818181818,0,0.615681818181818,5.42272727272727,0,5.42272727272727,9.81693181818182,1.79568181818182,0,1.79568181818182,4.19045454545455,5.98613636363636,0.74,0,0.74,0.39,0,0.39,1.13,0,1.13,86.7620454545455,232.328636363636,319.090681818182,55.0477272727273,0.103863636363636,26.7275,81.8790909090909,86.1925,232.296363636364,318.488863636364,54.8118181818182,0.103863636363636,26.7275,81.6431818181818,0.569545454545455,0.0322727272727273,0.601818181818182,0.235909090909091,0,0,0.235909090909091,0.875,0.204772727272727,1.07977272727273,1.49181818181818,NA,1.49181818181818,61.1118181818182,NA,61.1118181818182,62.6036363636364,0,62.6036363636364,0.0290909090909091,0,0.0290909090909091,0.43,0,0.43,0.459090909090909,0,0.459090909090909,0.02,0,0.02,0,0,0,0.02,0,0.02,11.7022727272727,0,0,0,0,0,0,0,0,0,0,0.02,0,0.02,0,0,0,0.02,0,0.02,11.7022727272727,96.5206818181818,0,96.5206818181818,295.080909090909,0,295.080909090909,391.601590909091,0,391.601590909091
"14","illinois",125.790509803922,31.5286274509804,82.935,114.46362745098,3.59666666666667,0,3.59666666666667,11.156568627451,0,11.156568627451,14.7532352941176,0,14.7532352941176,11.3268823529412,0.905490196078431,0,0.905490196078431,9.15735294117647,10.0628431372549,1.21235294117647,0,1.21235294117647,2.61441176470588,0,2.61441176470588,3.82676470588235,0,3.82676470588235,2.04196078431373,0.171372549019608,2.21333333333333,4.73754901960784,0,0,4.73754901960784,1.92450980392157,0.0497058823529412,1.97421568627451,4.49372549019608,0,0,4.49372549019608,0.117450980392157,0.121666666666667,0.239117647058824,0.243823529411765,0,0,0.243823529411765,0.353235294117647,0.000294117647058824,0.353529411764706,0.0468627450980392,NA,0.0468627450980392,0.266372549019608,NA,0.266372549019608,0.313235294117647,0,0.313235294117647,0.151960784313725,0.249705882352941,0.401666666666667,0.542745098039216,0,0.542745098039216,0.694705882352941,0.249705882352941,0.944411764705882,0.0553921568627451,0,0.0553921568627451,104.98068627451,0,104.98068627451,105.036078431373,0,105.036078431373,1877.97833333333,0.0335294117647059,0,0.0335294117647059,98.7977450980392,0,98.7977450980392,98.8312745098039,0,98.8312745098039,902.428333333333,0.0218627450980392,0,0.0218627450980392,6.18294117647059,0,6.18294117647059,6.20480392156863,0,6.20480392156863,975.55,8.36392156862745,0.249705882352941,8.61362745098039,119.732450980392,0,119.732450980392,128.09637254902,0.249705882352941,128.346078431373
"15","indiana",70.4761086956522,NA,NA,52.4469239130435,3.81880434782609,0,3.81880434782609,3.30619565217391,0,3.30619565217391,7.125,0,7.125,18.0291847826087,1.37021739130435,0,1.37021739130435,3.98586956521739,5.35608695652174,0.893478260869565,0,0.893478260869565,23.0935869565217,0,23.0935869565217,23.9870652173913,0,23.9870652173913,1.06967391304348,0.420869565217391,1.49054347826087,4.31641304347826,0,0,4.31641304347826,NA,NA,NA,NA,NA,NA,NA,NA,NA,NA,NA,NA,NA,NA,0.284782608695652,0.141304347826087,0.426086956521739,0.0717391304347826,NA,0.0717391304347826,0.0214130434782609,NA,0.0214130434782609,0.0931521739130435,0,0.0931521739130435,0.0491304347826087,0,0.0491304347826087,0.910108695652174,0,0.910108695652174,0.959239130434783,0,0.959239130434783,0.266847826086957,0,0.266847826086957,58.2275,0,58.2275,58.494347826087,0,58.494347826087,1176.36413043478,0.223804347826087,0,0.223804347826087,56.9682608695652,0,56.9682608695652,57.1920652173913,0,57.1920652173913,620.791304347826,0.0430434782608696,0,0.0430434782608696,1.25923913043478,0,1.25923913043478,1.30228260869565,0,1.30228260869565,555.572826086957,7.82467391304348,0,7.82467391304348,86.1209782608696,0,86.1209782608696,93.945652173913,0,93.945652173913
"16","iowa",36.9768591549296,26.035,811.482,30.7688450704225,2.93267605633803,0,2.93267605633803,1.05478873239437,0,1.05478873239437,3.98746478873239,0,3.98746478873239,6.20801408450704,0.40830985915493,0,0.40830985915493,2.53281690140845,2.94112676056338,1.42676056338028,0,1.42676056338028,0.0232394366197183,0,0.0232394366197183,1.45,0,1.45,0.46943661971831,0.0254929577464789,0.494929577464789,2.01154929577465,0.000422535211267606,0,2.01197183098592,0.433239436619718,0.012112676056338,0.445352112676056,1.90323943661972,0.000422535211267606,0,1.90366197183099,0.0361971830985916,0.0133802816901408,0.0495774647887324,0.10830985915493,0,0,0.10830985915493,0.938591549295775,0.31169014084507,1.25028169014085,0.158450704225352,NA,0.158450704225352,0.053943661971831,NA,0.053943661971831,0.212394366197183,0,0.212394366197183,0.0136619718309859,0,0.0136619718309859,0.713380281690141,0,0.713380281690141,0.727042253521127,0,0.727042253521127,0.164929577464789,0,0.164929577464789,8.21267605633803,9.61943661971831,17.8321126760563,8.37760563380282,9.61943661971831,17.9970422535211,303.752112676056,0.017887323943662,0,0.017887323943662,8.05929577464789,9.61943661971831,17.6787323943662,8.07718309859155,9.61943661971831,17.6966197183099,152.892957746479,0.147042253521127,0,0.147042253521127,0.153380281690141,0,0.153380281690141,0.300422535211268,0,0.300422535211268,150.859154929577,6.51281690140845,0,6.51281690140845,10.3952112676056,9.61943661971831,20.0146478873239,16.9080281690141,9.61943661971831,26.5274647887324
"17","maryland",155.425857142857,24.227,102.360142857143,126.587142857143,3.26142857142857,0,3.26142857142857,2.22428571428571,0,2.22428571428571,5.48571428571429,0,5.48571428571429,28.8387142857143,2.30714285714286,0,2.30714285714286,9.22142857142857,11.5285714285714,0.25,0,0.25,0.00142857142857143,0,0.00142857142857143,0.251428571428571,0,0.251428571428571,1.83857142857143,0.395714285714286,2.23428571428571,2.71285714285714,0.0942857142857143,0,2.80714285714286,1.5,0.342857142857143,1.84285714285714,2.26857142857143,0.0942857142857143,0,2.36285714285714,0.338571428571429,0.0528571428571429,0.391428571428571,0.444285714285714,0,0,0.444285714285714,0.382857142857143,0.07,0.452857142857143,0.704285714285714,NA,0.704285714285714,0.161428571428571,NA,0.161428571428571,0.865714285714286,0,0.865714285714286,0.451428571428571,0,0.451428571428571,0,0,0,0.451428571428571,0,0.451428571428571,0,0,0,6.85,1.27,8.12,6.85,1.27,8.12,86.1428571428571,0,0,0,6.85,1.27,8.12,6.85,1.27,8.12,86.1428571428571,0,0,0,0,0,0,0,0,0,0,9.19571428571429,0,9.19571428571429,9.70285714285714,1.27,10.9728571428571,18.8985714285714,1.27,20.1685714285714
"18","massachusetts",467.687785714286,150.042714285714,279.515071428571,429.557785714286,13.6171428571429,0,13.6171428571429,34.8228571428571,0.0814285714285714,34.9042857142857,48.44,0.0814285714285714,48.5214285714286,38.13,2.70714285714286,0,2.70714285714286,27.4935714285714,30.2007142857143,0.305714285714286,0,0.305714285714286,0.861428571428571,0,0.861428571428571,1.16714285714286,0,1.16714285714286,8.41642857142857,1.52928571428571,9.94571428571428,1.87285714285714,0.144285714285714,0.860714285714286,2.87785714285714,6.97714285714286,1.52928571428571,8.50642857142857,0.744285714285714,0.0471428571428571,0.860714285714286,1.65214285714286,1.43928571428571,0,1.43928571428571,1.12857142857143,0.0971428571428571,0,1.22571428571429,0.0642857142857143,0.0357142857142857,0.1,0.516428571428571,NA,0.516428571428571,3.03,NA,3.03,3.54642857142857,0,3.54642857142857,0.13,0,0.13,0.341428571428571,0,0.341428571428571,0.471428571428571,0,0.471428571428571,0.015,0,0.015,9.585,137.932857142857,147.517857142857,9.6,137.932857142857,147.532857142857,1322.69428571429,0,0,0,9.46928571428571,137.929285714286,147.398571428571,9.46928571428571,137.929285714286,147.398571428571,1295.67571428571,0.015,0,0.015,0.115714285714286,0.00357142857142857,0.119285714285714,0.130714285714286,0.00357142857142857,0.134285714285714,27.0185714285714,25.7721428571429,0,25.7721428571429,50.2057142857143,138.014285714286,188.22,75.9778571428571,138.014285714286,213.992142857143
"19","michigan",119.08,NA,NA,86.8417710843374,2.46144578313253,0,2.46144578313253,10.6432530120482,0,10.6432530120482,13.1046987951807,0,13.1046987951807,32.2382289156627,2.78204819277108,0,2.78204819277108,6.60204819277108,9.38409638554217,0.903614457831325,0,0.903614457831325,6.46855421686747,0,6.46855421686747,7.37216867469879,0,7.37216867469879,1.76734939759036,0.753614457831325,2.52096385542169,5.74963855421687,0.328192771084337,0.0185542168674699,6.09638554216868,1.56036144578313,0.611927710843373,2.17228915662651,5.34578313253012,0.328192771084337,0.0185542168674699,5.69253012048193,0.206987951807229,0.141686746987952,0.348674698795181,0.403855421686747,0,0,0.403855421686747,0.213373493975904,0.0228915662650602,0.236265060240964,0.0507228915662651,NA,0.0507228915662651,0.945542168674699,NA,0.945542168674699,0.996265060240964,0,0.996265060240964,0.122168674698795,0.00686746987951807,0.129036144578313,0.79566265060241,0,0.79566265060241,0.917831325301205,0.00686746987951807,0.924698795180723,0.0496385542168675,0,0.0496385542168675,102.581807228916,0,102.581807228916,102.631445783133,0,102.631445783133,1287.82759036145,0.00674698795180723,0,0.00674698795180723,100.187469879518,0,100.187469879518,100.19421686747,0,100.19421686747,1023.07469879518,0.0428915662650602,0,0.0428915662650602,2.39433734939759,0,2.39433734939759,2.43722891566265,0,2.43722891566265,264.752891566265,8.35036144578313,0.00686746987951807,8.35722891566265,122.211325301205,0,122.211325301205,130.561686746988,0.00686746987951807,130.568554216867
"20","minnesota",60.9646551724138,34.2808045977011,13.7186206896552,47.9994252873563,4.05988505747126,0,4.05988505747126,2.16597701149425,0,2.16597701149425,6.22586206896552,0,6.22586206896552,12.9652298850575,0.907471264367816,0,0.907471264367816,2.85206896551724,3.75954022988506,0.710689655172414,0,0.710689655172414,0.824137931034483,0,0.824137931034483,1.5348275862069,0,1.5348275862069,1.96241379310345,0.307011494252874,2.26942528735632,5.92862068965517,0,0.281264367816092,6.20988505747126,1.68413793103448,0.222758620689655,1.90689655172414,5.61091954022988,0,0.281264367816092,5.89218390804598,0.278275862068966,0.0842528735632184,0.362528735632184,0.317701149425287,0,0,0.317701149425287,0.681954022988506,0,0.681954022988506,0.0194252873563218,NA,0.0194252873563218,0.17448275862069,NA,0.17448275862069,0.193908045977012,0,0.193908045977012,0.095632183908046,0,0.095632183908046,3.17758620689655,0,3.17758620689655,3.2732183908046,0,3.2732183908046,0.0268965517241379,0,0.0268965517241379,28.8083908045977,0,28.8083908045977,28.8352873563218,0,28.8352873563218,487.073218390805,0.0251724137931034,0,0.0251724137931034,17.9331034482759,0,17.9331034482759,17.958275862069,0,17.958275862069,330.79816091954,0.00172413793103448,0,0.00172413793103448,10.8752873563218,0,10.8752873563218,10.8770114942529,0,10.8770114942529,156.275057471264,8.46436781609195,0,8.46436781609195,35.4575862068966,0,35.4575862068966,43.9219540229885,0,43.9219540229885
"21","mississippi",36.1865487804878,27.9371707317073,2.80878048780488,30.7459512195122,4.2540243902439,0,4.2540243902439,0.565,0,0.565,4.8190243902439,0,4.8190243902439,5.44059756097561,0.54390243902439,0,0.54390243902439,3.07463414634146,3.61853658536585,0.94890243902439,0,0.94890243902439,1.52390243902439,0,1.52390243902439,2.47280487804878,0,2.47280487804878,23.9008536585366,1.6230487804878,25.5239024390244,4.99170731707317,0,16.8346341463415,21.8263414634146,NA,NA,NA,NA,NA,NA,NA,NA,NA,NA,NA,NA,NA,NA,0.0896341463414634,0.135,0.224634146341463,1.3830487804878,NA,1.3830487804878,0.235365853658537,NA,0.235365853658537,1.61841463414634,0,1.61841463414634,0.100365853658537,0.153292682926829,0.253658536585366,0.00670731707317073,0,0.00670731707317073,0.107073170731707,0.153292682926829,0.260365853658537,0.609878048780488,0.0859756097560976,0.695853658536585,11.0425609756098,0.761341463414634,11.8039024390244,11.6524390243902,0.847317073170732,12.499756097561,539.070487804878,0.0180487804878049,0,0.0180487804878049,10.9784146341463,0.761341463414634,11.739756097561,10.9964634146341,0.761341463414634,11.7578048780488,219.133536585366,0.591829268292683,0.0859756097560976,0.67780487804878,0.0641463414634146,0,0.0641463414634146,0.655975609756097,0.0859756097560976,0.741951219512195,319.936951219512,31.8306097560976,0.239268292682927,32.0698780487805,15.1315853658537,0.761341463414634,15.8929268292683,46.9621951219512,1.00060975609756,47.9628048780488
"22","missouri",52.0776260869565,NA,NA,44.3970956521739,2.54686956521739,0,2.54686956521739,4.72565217391304,0,4.72565217391304,7.27252173913043,0,7.27252173913043,7.68053043478261,0.537478260869565,0,0.537478260869565,4.06208695652174,4.5995652173913,0.298,0,0.298,0.296869565217391,0,0.296869565217391,0.594869565217391,0,0.594869565217391,11.7613043478261,0.431565217391304,12.1928695652174,4.73165217391304,0.0180869565217391,6.60721739130435,11.3569565217391,NA,NA,NA,NA,NA,NA,NA,NA,NA,NA,NA,NA,NA,NA,0.160086956521739,0.473478260869565,0.633565217391304,0.0911304347826087,NA,0.0911304347826087,1.47965217391304,NA,1.47965217391304,1.57078260869565,0,1.57078260869565,0.212608695652174,0,0.212608695652174,0.0731304347826087,0,0.0731304347826087,0.285739130434783,0,0.285739130434783,0.172782608695652,0,0.172782608695652,51.248347826087,0,51.248347826087,51.4211304347826,0,51.4211304347826,749.844695652174,0.0614782608695652,0,0.0614782608695652,51.0499130434783,0,51.0499130434783,51.1113913043478,0,51.1113913043478,614.351739130435,0.111304347826087,0,0.111304347826087,0.198434782608696,0,0.198434782608696,0.309739130434783,0,0.309739130434783,135.492956521739,15.7802608695652,0,15.7802608695652,58.7286956521739,0,58.7286956521739,74.5089565217391,0,74.5089565217391
"23","montana",17.668125,NA,NA,12.5762857142857,1.17142857142857,0,1.17142857142857,1.29232142857143,0,1.29232142857143,2.46375,0,2.46375,5.09183928571429,0.37875,0.0185714285714286,0.397321428571429,1.48625,1.88357142857143,0.658214285714286,0,0.658214285714286,0.528035714285714,0,0.528035714285714,1.18625,0,1.18625,2.26285714285714,125.602142857143,127.865,13.44875,0.0114285714285714,15.8196428571429,29.2798214285714,NA,NA,NA,NA,NA,NA,NA,NA,NA,NA,NA,NA,NA,NA,0.220535714285714,0.526428571428571,0.746964285714286,0.04375,NA,0.04375,0.293214285714286,NA,0.293214285714286,0.336964285714286,0,0.336964285714286,0.0308928571428571,0.332142857142857,0.363035714285714,0.466964285714286,0,0.466964285714286,0.497857142857143,0.332142857142857,0.83,0.0151785714285714,0,0.0151785714285714,2.68071428571429,0,2.68071428571429,2.69589285714286,0,2.69589285714286,339.475714285714,0,0,0,2.18214285714286,0,2.18214285714286,2.18214285714286,0,2.18214285714286,22.7955357142857,0.0151785714285714,0,0.0151785714285714,0.498571428571429,0,0.498571428571429,0.51375,0,0.51375,316.680178571429,4.78160714285714,0.332142857142857,5.11375,131.408392857143,0,131.408392857143,136.19,0.332142857142857,136.522142857143
"24","nebraska",19.6380752688172,NA,NA,15.9180107526882,2.51838709677419,0,2.51838709677419,0.660322580645161,0,0.660322580645161,3.17870967741935,0,3.17870967741935,3.72006451612903,0.473225806451613,0,0.473225806451613,1.40032258064516,1.87354838709677,0.309569892473118,0,0.309569892473118,0.0250537634408602,0,0.0250537634408602,0.334623655913979,0,0.334623655913979,46.2429032258065,14.6186021505376,60.8615053763441,68.5268817204301,0.00612903225806452,25.3910752688172,93.9240860215054,NA,NA,NA,NA,NA,NA,NA,NA,NA,NA,NA,NA,NA,NA,1,0.227741935483871,1.22774193548387,0.0652688172043011,NA,0.0652688172043011,0.883870967741936,NA,0.883870967741936,0.949139784946237,0,0.949139784946237,0.000967741935483871,0.00139784946236559,0.00236559139784946,0.0943010752688172,0,0.0943010752688172,0.0952688172043011,0.00139784946236559,0.0966666666666667,0.0564516129032258,0,0.0564516129032258,19.2340860215054,0,19.2340860215054,19.2905376344086,0,19.2905376344086,370.015161290323,0,0,0,19.0050537634409,0,19.0050537634409,19.0050537634409,0,19.0050537634409,242.226774193548,0.0564516129032258,0,0.0564516129032258,0.229032258064516,0,0.229032258064516,0.285483870967742,0,0.285483870967742,127.788387096774,50.6667741935484,0.00139784946236559,50.6681720430107,35.7439784946237,0,35.7439784946237,86.410752688172,0.00139784946236559,86.4121505376344
"25","nevada",158.855941176471,NA,NA,149.561941176471,7.82411764705882,0,7.82411764705882,26.3411764705882,0,26.3411764705882,34.1652941176471,0,34.1652941176471,9.294,1.75352941176471,0,1.75352941176471,19.4676470588235,21.2211764705882,0.0411764705882353,0,0.0411764705882353,0.266470588235294,0,0.266470588235294,0.307647058823529,0,0.307647058823529,38.4123529411765,54.1617647058824,92.5741176470588,15.1670588235294,0.00411764705882353,18.7605882352941,33.9317647058824,38.2729411764706,54.1458823529412,92.4188235294118,14.6464705882353,0.00411764705882353,18.7605882352941,33.4111764705882,0.139411764705882,0.0158823529411765,0.155294117647059,0.520588235294118,0,0,0.520588235294118,0.297647058823529,0,0.297647058823529,0.625294117647059,NA,0.625294117647059,2.28411764705882,NA,2.28411764705882,2.90941176470588,0,2.90941176470588,20.0788235294118,0.0558823529411765,20.1347058823529,0.241764705882353,0,0.241764705882353,20.3205882352941,0.0558823529411765,20.3764705882353,1.05294117647059,0.645882352941176,1.69882352941176,0.216470588235294,0,0.216470588235294,1.26941176470588,0.645882352941176,1.91529411764706,587.547058823529,0,0,0,0,0,0,0,0,0,0,1.05294117647059,0.645882352941176,1.69882352941176,0.216470588235294,0,0.216470588235294,1.26941176470588,0.645882352941176,1.91529411764706,587.547058823529,70.0858823529412,0.701764705882353,70.7876470588235,83.5117647058824,0,83.5117647058824,153.597647058824,0.701764705882353,154.299411764706
"26","new hampshire",131.647,38.11,48.983,87.093,3.47,0,3.47,5.655,0,5.655,9.125,0,9.125,44.554,3.332,0,3.332,5.865,9.197,1.063,0,1.063,0.706,0,0.706,1.769,0,1.769,0.125,0.067,0.192,0.487,0.082,0.023,0.592,0.069,0.035,0.104,0.151,0.082,0.023,0.256,0.056,0.032,0.088,0.336,0,0,0.336,0.067,0.022,0.089,0.809,NA,0.809,0.848,NA,0.848,1.657,0,1.657,0.001,0,0.001,0.284,0,0.284,0.285,0,0.285,0.102,0,0.102,20.104,84.806,104.91,20.206,84.806,105.012,1950.46,0.027,0,0.027,19.991,84.564,104.555,20.018,84.564,104.582,1456.022,0.075,0,0.075,0.113,0.242,0.355,0.188,0.242,0.43,494.438,8.969,0,8.969,27.686,84.806,112.492,36.655,84.806,121.461
"27","new jersey",418.661619047619,161.64619047619,211.105571428571,372.751761904762,18.9480952380952,0,18.9480952380952,32.4852380952381,0,32.4852380952381,51.4333333333333,0,51.4333333333333,45.9098571428571,4.68285714285714,0,4.68285714285714,28.8090476190476,33.4919047619048,1.65619047619048,0,1.65619047619048,2.30904761904762,0,2.30904761904762,3.9652380952381,0,3.9652380952381,3.21809523809524,3.33619047619048,6.55428571428571,3.27714285714286,1.21666666666667,0.234761904761905,4.72857142857143,NA,NA,NA,NA,NA,NA,NA,NA,NA,NA,NA,NA,NA,NA,0.0466666666666667,0,0.0466666666666667,0.436190476190476,NA,0.436190476190476,0,NA,0,0.436190476190476,0,0.436190476190476,0.0823809523809524,0,0.0823809523809524,0.329047619047619,0,0.329047619047619,0.411428571428571,0,0.411428571428571,0.0747619047619048,0,0.0747619047619048,24.3671428571429,178.059047619048,202.42619047619,24.4419047619048,178.059047619048,202.500952380952,2192.61380952381,0,0,0,20.6257142857143,178.059047619048,198.684761904762,20.6257142857143,178.059047619048,198.684761904762,1346.60666666667,0.0747619047619048,0,0.0747619047619048,3.74142857142857,0,3.74142857142857,3.81619047619048,0,3.81619047619048,846.007142857143,29.1452380952381,0,29.1452380952381,62.8266666666667,178.059047619048,240.885714285714,91.9719047619048,178.059047619048,270.030952380952
"28","new mexico",62.3993636363636,NA,NA,53.2133333333333,6.39212121212121,0,6.39212121212121,2.19333333333333,0,2.19333333333333,8.58545454545455,0,8.58545454545455,9.1860303030303,0.782424242424242,0,0.782424242424242,4.85484848484848,5.63727272727273,0.311212121212121,0,0.311212121212121,0.0251515151515152,0,0.0251515151515152,0.336363636363636,0,0.336363636363636,37.4857575757576,44.2081818181818,81.6939393939394,13.9812121212121,0.593030303030303,12.0357575757576,26.61,36.9321212121212,44.1693939393939,81.1015151515151,13.8148484848485,0.593030303030303,12.0357575757576,26.4436363636364,0.553636363636364,0.0387878787878788,0.592424242424242,0.166363636363636,0,0,0.166363636363636,0.993333333333333,0.0918181818181818,1.08515151515152,0.478484848484849,NA,0.478484848484849,0.130909090909091,NA,0.130909090909091,0.609393939393939,0,0.609393939393939,0.830606060606061,0,0.830606060606061,0.293333333333333,0,0.293333333333333,1.12393939393939,0,1.12393939393939,0.290606060606061,0,0.290606060606061,1.28090909090909,0,1.28090909090909,1.57151515151515,0,1.57151515151515,900.506666666667,0,0,0,0,0,0,0,0,0,0,0.290606060606061,0,0.290606060606061,1.28090909090909,0,1.28090909090909,1.57151515151515,0,1.57151515151515,900.506666666667,47.5645454545455,0,47.5645454545455,48.2236363636364,0,48.2236363636364,95.7881818181818,0,95.7881818181818
"29","new york",312.550032258065,68.8410806451613,210.708322580645,279.549403225806,7.37193548387097,0,7.37193548387097,29.1287096774194,0,29.1287096774194,36.5006451612903,0,36.5006451612903,33.0006290322581,2.45354838709677,0,2.45354838709677,22.1688709677419,24.6224193548387,0.578387096774194,0,0.578387096774194,5.09790322580645,0,5.09790322580645,5.67629032258065,0,5.67629032258065,0.487741935483871,0.647741935483871,1.13548387096774,1.30806451612903,0.396290322580645,0.0446774193548387,1.74903225806452,0.300483870967742,0.376129032258065,0.676612903225806,0.660161290322581,0.396290322580645,0.0446774193548387,1.10112903225806,0.187258064516129,0.271612903225806,0.458870967741935,0.647903225806452,0,0,0.647903225806452,0.234677419354839,0.129032258064516,0.363709677419355,0.0541935483870968,NA,0.0541935483870968,0.593548387096774,NA,0.593548387096774,0.647741935483871,0,0.647741935483871,0.134516129032258,0,0.134516129032258,1.03290322580645,0,1.03290322580645,1.16741935483871,0,1.16741935483871,0.0385483870967742,0,0.0385483870967742,44.4059677419355,78.1674193548387,122.573387096774,44.4445161290323,78.1674193548387,122.611935483871,1256.1135483871,0,0,0,44.34,78.1674193548387,122.507419354839,44.34,78.1674193548387,122.507419354839,1213.93338709677,0.0385483870967742,0,0.0385483870967742,0.0659677419354839,0,0.0659677419354839,0.104516129032258,0,0.104516129032258,42.1801612903226,11.3535483870968,0,11.3535483870968,81.0358064516129,78.1674193548387,159.203225806452,92.3893548387097,78.1674193548387,170.556774193548
"30","north carolina",95.35483,12.86667,49.45056,62.31723,1.9419,0,1.9419,7.656,0,7.656,9.5979,0,9.5979,33.0376,2.3135,0,2.3135,4.3621,6.6756,0.8382,0,0.8382,1.8756,0,1.8756,2.7138,0,2.7138,0.8826,2.7867,3.6693,2.6193,0.0618,0,2.6811,0.6758,2.087,2.7628,2.2019,0.0618,0,2.2637,0.2068,0.6997,0.9065,0.4174,0,0,0.4174,0.5693,0.1502,0.7195,0.1151,NA,0.1151,14.5472,NA,14.5472,14.6623,0,14.6623,0.2776,0,0.2776,0.0487,0,0.0487,0.3263,0,0.3263,0.0037,0,0.0037,76.5604,13.6345,90.1949,76.5641,13.6345,90.1986,1102.3635,0,0,0,62.9447,13.6345,76.5792,62.9447,13.6345,76.5792,716.628,0.0037,0,0.0037,13.6157,0,13.6157,13.6194,0,13.6194,385.7355,6.9419,0,6.9419,103.6248,13.6345,117.2593,110.5667,13.6345,124.2012
"31","north dakota",12.6903962264151,NA,NA,11.7591698113208,0.575849056603774,0,0.575849056603774,0.722830188679245,0,0.722830188679245,1.29867924528302,0,1.29867924528302,0.93122641509434,0.0694339622641509,0,0.0694339622641509,0.941132075471698,1.01056603773585,0.108867924528302,0,0.108867924528302,0.243584905660377,0,0.243584905660377,0.352452830188679,0,0.352452830188679,1.46301886792453,1.64584905660377,3.1088679245283,3.61867924528302,0,0.797169811320755,4.41584905660377,NA,NA,NA,NA,NA,NA,NA,NA,NA,NA,NA,NA,NA,NA,0.244150943396226,0.162641509433962,0.406792452830189,0,NA,0,0.111698113207547,NA,0.111698113207547,0.111698113207547,0,0.111698113207547,0.164716981132075,0.256792452830189,0.421509433962264,0.0873584905660377,0,0.0873584905660377,0.252075471698113,0.256792452830189,0.508867924528302,0,0,0,15.7858490566038,0,15.7858490566038,15.7858490566038,0,15.7858490566038,535.59641509434,0,0,0,15.3209433962264,0,15.3209433962264,15.3209433962264,0,15.3209433962264,193.571132075472,0,0,0,0.464905660377358,0,0.464905660377358,0.464905660377358,0,0.464905660377358,342.025283018868,2.62603773584906,0.256792452830189,2.88283018867925,18.7598113207547,0,18.7598113207547,21.3858490566038,0.256792452830189,21.642641509434
"32","ohio",131.096636363636,31.6724204545455,78.6276363636364,110.300056818182,5.17215909090909,0,5.17215909090909,10.4319318181818,0,10.4319318181818,15.6040909090909,0,15.6040909090909,20.7965795454545,1.52829545454545,0.03125,1.55954545454545,7.02875,8.58829545454545,2.23602272727273,0,2.23602272727273,3.32397727272727,0,3.32397727272727,5.56,0,5.56,0.195,0.4025,0.5975,0.679772727272727,0.0688636363636364,0,0.748636363636364,0.102159090909091,0.240681818181818,0.342840909090909,0.34125,0.0688636363636364,0,0.410113636363636,0.0928409090909091,0.161818181818182,0.254659090909091,0.338522727272727,0,0,0.338522727272727,0.0875,0.184886363636364,0.272386363636364,0.174659090909091,NA,0.174659090909091,0.215454545454545,NA,0.215454545454545,0.390113636363636,0,0.390113636363636,0.898295454545455,0,0.898295454545455,0.407272727272727,0,0.407272727272727,1.30556818181818,0,1.30556818181818,0.261704545454545,0,0.261704545454545,81.7530681818182,0,81.7530681818182,82.0147727272727,0,82.0147727272727,1552.61215909091,0.165227272727273,0,0.165227272727273,75.4176136363636,0,75.4176136363636,75.5828409090909,0,75.5828409090909,695.365909090909,0.0964772727272727,0,0.0964772727272727,6.33545454545455,0,6.33545454545455,6.43193181818182,0,6.43193181818182,857.24625,10.5536363636364,0,10.5536363636364,96.7503409090909,0,96.7503409090909,107.303977272727,0,107.303977272727
"33","oklahoma",48.7187012987013,10.297012987013,34.3220779220779,44.6190909090909,1.69350649350649,0,1.69350649350649,6.84428571428571,0,6.84428571428571,8.53779220779221,0,8.53779220779221,4.09961038961039,0.348181818181818,0,0.348181818181818,3.7912987012987,4.13948051948052,0.0838961038961039,0,0.0838961038961039,0.185714285714286,0,0.185714285714286,0.26961038961039,0,0.26961038961039,5.57623376623377,1.75025974025974,7.32649350649351,5.71038961038961,0.0685714285714286,1.15688311688312,6.93584415584416,NA,NA,NA,NA,NA,NA,NA,NA,NA,NA,NA,NA,NA,NA,0.422077922077922,0.731558441558442,1.15363636363636,0.0422077922077922,NA,0.0422077922077922,0.0964935064935065,NA,0.0964935064935065,0.138701298701299,0,0.138701298701299,0.0616883116883117,18.1324675324675,18.1941558441558,0.172337662337662,0,0.172337662337662,0.234025974025974,18.1324675324675,18.3664935064935,0.0163636363636364,0,0.0163636363636364,4.9887012987013,0,4.9887012987013,5.00506493506493,0,5.00506493506493,632.650909090909,0.00103896103896104,0,0.00103896103896104,3.76519480519481,0,3.76519480519481,3.76623376623377,0,3.76623376623377,35.4990909090909,0.0153246753246753,0,0.0153246753246753,1.22350649350649,0,1.22350649350649,1.23883116883117,0,1.23883116883117,597.151818181818,8.24415584415584,18.1324675324675,26.3766233766234,14.7693506493506,0,14.7693506493506,23.0135064935065,18.1324675324675,41.145974025974
"34","oregon",106.418722222222,31.5549444444444,58.0134722222222,89.5684166666667,3.16833333333333,0,3.16833333333333,11.6591666666667,0,11.6591666666667,14.8275,0,14.8275,16.8503055555556,1.66666666666667,0.196388888888889,1.86305555555556,10.1283333333333,11.9913888888889,0.0727777777777778,0,0.0727777777777778,3.42027777777778,0,3.42027777777778,3.49305555555556,0,3.49305555555556,53.0969444444444,92.9444444444444,146.041388888889,33.6083333333333,2.69555555555556,16.4936111111111,52.7975,52.8911111111111,92.8108333333333,145.701944444444,33.3125,2.69555555555556,16.4936111111111,52.5016666666667,0.205833333333333,0.133611111111111,0.339444444444444,0.295833333333333,0,0,0.295833333333333,0.0833333333333333,0.39,0.473333333333333,0.927222222222222,0,0.927222222222222,18.8502777777778,0,18.8502777777778,19.7775,0,19.7775,0.2075,0,0.2075,0.0325,0,0.0325,0.24,0,0.24,0.0411111111111111,0,0.0411111111111111,0.311111111111111,0,0.311111111111111,0.352222222222222,0,0.352222222222222,245.078333333333,0,0,0,0,0,0,0,0,0,0,0.0411111111111111,0,0.0411111111111111,0.311111111111111,0,0.311111111111111,0.352222222222222,0,0.352222222222222,245.078333333333,59.2638888888889,0,59.2638888888889,127.804166666667,0,127.804166666667,187.068055555556,0,187.068055555556
"35","pennsylvania",189.587746268657,31.8738805970149,107.780149253731,139.654029850746,3.37641791044776,0,3.37641791044776,17.89,0,17.89,21.2664179104478,0,21.2664179104478,49.9337164179104,2.99582089552239,0,2.99582089552239,8.17746268656716,11.1732835820896,1.1010447761194,0,1.1010447761194,11.8279104477612,0,11.8279104477612,12.9289552238806,0,12.9289552238806,0.110298507462687,0.294776119402985,0.405074626865672,0.79134328358209,0.225223880597015,0,1.0165671641791,0.0601492537313433,0.202089552238806,0.262238805970149,0.337761194029851,0.225223880597015,0,0.562985074626866,0.0501492537313433,0.0926865671641791,0.142835820895522,0.453582089552239,0,0,0.453582089552239,0.68,0.100746268656716,0.780746268656716,0.714626865671642,NA,0.714626865671642,0.891194029850746,NA,0.891194029850746,1.60582089552239,0,1.60582089552239,0.767611940298507,0,0.767611940298507,0.157313432835821,0,0.157313432835821,0.924925373134328,0,0.924925373134328,0.0670149253731343,0,0.0670149253731343,80.4416417910448,0,80.4416417910448,80.5086567164179,0,80.5086567164179,2999.84298507463,0.00119402985074627,0,0.00119402985074627,45.3161194029851,0,45.3161194029851,45.3173134328358,0,45.3173134328358,423.781940298507,0.0658208955223881,0,0.0658208955223881,35.1255223880597,0,35.1255223880597,35.1913432835821,0,35.1913432835821,2576.06104477612,9.81283582089552,0,9.81283582089552,111.603582089552,0,111.603582089552,121.416417910448,0,121.416417910448
"36","puerto rico",47.7665256410256,4.61975641025641,42.6596282051282,47.2793846153846,1.11948717948718,0,1.11948717948718,7.56269230769231,0,7.56269230769231,8.68217948717949,0,8.68217948717949,0.487141025641026,0.0308974358974359,0,0.0308974358974359,2.94576923076923,2.97666666666667,0.0551282051282051,0,0.0551282051282051,0,0,0,0.0551282051282051,0,0.0551282051282051,0.287435897435897,0.201794871794872,0.489230769230769,0.10474358974359,0.418717948717949,0,0.523461538461538,NA,NA,NA,NA,NA,NA,NA,NA,NA,NA,NA,NA,NA,NA,0.0714102564102564,0.0287179487179487,0.100128205128205,0.000128205128205128,NA,0.000128205128205128,0.00512820512820513,NA,0.00512820512820513,0.00525641025641026,0,0.00525641025641026,0.0183333333333333,0.0041025641025641,0.0224358974358974,0.00230769230769231,0,0.00230769230769231,0.0206410256410256,0.0041025641025641,0.0247435897435897,0.015,0,0.015,0.0334615384615385,29.1028205128205,29.1362820512821,0.0484615384615385,29.1028205128205,29.1512820512821,255.179487179487,0.0147435897435897,0,0.0147435897435897,0.0143589743589744,29.1028205128205,29.1171794871795,0.0291025641025641,29.1028205128205,29.1319230769231,214.294871794872,0.000256410256410256,0,0.000256410256410256,0.0191025641025641,0,0.0191025641025641,0.0193589743589744,0,0.0193589743589744,40.8846153846154,1.59782051282051,0.0041025641025641,1.60192307692308,7.83410256410256,29.1028205128205,36.9369230769231,9.43192307692308,29.1069230769231,38.5388461538462
"37","rhode island",210.5134,19.6436,168.2816,187.9252,3.162,0,3.162,18.444,0,18.444,21.606,0,21.606,22.5882,1.604,0,1.604,13.53,15.134,0.834,0,0.834,0.67,0,0.67,1.504,0,1.504,0.46,0.078,0.538,0.986,0.248,0.004,1.238,NA,NA,NA,NA,NA,NA,NA,NA,NA,NA,NA,NA,NA,NA,0.034,0.002,0.036,1.12,NA,1.12,0.02,1.76,1.78,1.14,1.76,2.9,0.086,0,0.086,0.098,0,0.098,0.184,0,0.184,0,0,0,0.288,46.44,46.728,0.288,46.44,46.728,227.66,0,0,0,0,46.44,46.44,0,46.44,46.44,127.852,0,0,0,0.288,0,0.288,0.288,0,0.288,99.808,7.3,0,7.3,19.6,48.2,67.8,26.9,48.2,75.1
"38","south carolina",100.551391304348,15.5181086956522,59.9872826086957,75.5053913043478,2.48369565217391,0,2.48369565217391,10.9645652173913,0,10.9645652173913,13.4482608695652,0,13.4482608695652,25.046,2.5054347826087,0,2.5054347826087,7.55021739130435,10.055652173913,0.493913043478261,0,0.493913043478261,7.93478260869565,0,7.93478260869565,8.42869565217391,0,8.42869565217391,1.47152173913043,1.24826086956522,2.71978260869565,3.07521739130435,0.175,0.0878260869565217,3.33804347826087,1.23673913043478,0.620652173913044,1.85739130434783,2.10608695652174,0.175,0.0878260869565217,2.36891304347826,0.234782608695652,0.627608695652174,0.862391304347826,0.969130434782609,0,0,0.969130434782609,0.113695652173913,0.147608695652174,0.261304347826087,0.0434782608695652,NA,0.0434782608695652,0.195,NA,0.195,0.238478260869565,0,0.238478260869565,0.145434782608696,0,0.145434782608696,0.0378260869565217,0,0.0378260869565217,0.183260869565217,0,0.183260869565217,0.105652173913043,0,0.105652173913043,119.548260869565,0,119.548260869565,119.653913043478,0,119.653913043478,2125.98086956522,0.0221739130434783,0,0.0221739130434783,96.0115217391304,0,96.0115217391304,96.0336956521739,0,96.0336956521739,825.053260869565,0.0834782608695652,0,0.0834782608695652,23.5367391304348,0,23.5367391304348,23.6202173913043,0,23.6202173913043,1300.92760869565,7.36282608695652,0,7.36282608695652,140.076304347826,0,140.076304347826,147.439130434783,0,147.439130434783
"39","south dakota",12.3360606060606,4.2935,6.89733333333333,11.1908333333333,1.12560606060606,0,1.12560606060606,0.756363636363636,0,0.756363636363636,1.8819696969697,0,1.8819696969697,1.14522727272727,0.0813636363636364,0,0.0813636363636364,1.07181818181818,1.15318181818182,0.103787878787879,0,0.103787878787879,0.0398484848484848,0,0.0398484848484848,0.143636363636364,0,0.143636363636364,2.99363636363636,2.49727272727273,5.49090909090909,2.18469696969697,0,0.751969696969697,2.93666666666667,2.99363636363636,2.49727272727273,5.49090909090909,2.18469696969697,0,0.751969696969697,2.93666666666667,0,0,0,0,0,0,0,0.28969696969697,0.428636363636364,0.718333333333333,0.376515151515152,NA,0.376515151515152,0.356818181818182,NA,0.356818181818182,0.733333333333333,0,0.733333333333333,0.109393939393939,0,0.109393939393939,0.166818181818182,0,0.166818181818182,0.276212121212121,0,0.276212121212121,0.0506060606060606,0,0.0506060606060606,0.105,0,0.105,0.155606060606061,0,0.155606060606061,50.0189393939394,0,0,0,0,0,0,0,0,0,0,0.0506060606060606,0,0.0506060606060606,0.105,0,0.105,0.155606060606061,0,0.155606060606061,50.0189393939394,5.13060606060606,0,5.13060606060606,4.35075757575758,0,4.35075757575758,9.48136363636364,0,9.48136363636364
"40","tennessee",66.8011052631579,NA,NA,61.1352210526316,3.16631578947368,0,3.16631578947368,6.50147368421053,0,6.50147368421053,9.66778947368421,0,9.66778947368421,5.66588421052632,0.407578947368421,0,0.407578947368421,4.9521052631579,5.35968421052632,0.500842105263158,0,0.500842105263158,7.66778947368421,0,7.66778947368421,8.16863157894737,0,8.16863157894737,0.465894736842105,0.290736842105263,0.756631578947368,0.779263157894737,0.103157894736842,0.084,0.966421052631579,0.412105263157895,0.190315789473684,0.602421052631579,0.656842105263158,0.103157894736842,0.084,0.844,0.0537894736842105,0.100421052631579,0.154210526315789,0.122421052631579,0,0,0.122421052631579,0.147894736842105,0.141473684210526,0.289368421052632,0.162421052631579,NA,0.162421052631579,0.391684210526316,NA,0.391684210526316,0.554105263157895,0,0.554105263157895,0.0725263157894737,0,0.0725263157894737,0.0813684210526316,0,0.0813684210526316,0.153894736842105,0,0.153894736842105,0.0187368421052632,0,0.0187368421052632,61,0,61,61.0187368421053,0,61.0187368421053,756.440105263158,0,0,0,60.7894736842105,0,60.7894736842105,60.7894736842105,0,60.7894736842105,636.334631578947,0.0187368421052632,0,0.0187368421052632,0.210526315789474,0,0.210526315789474,0.229263157894737,0,0.229263157894737,120.105473684211,4.94221052631579,0,4.94221052631579,76.0745263157895,0,76.0745263157895,81.0167368421053,0,81.0167368421053
"41","texas",98.9982716535433,NA,NA,89.3896653543307,4.18236220472441,0.284448818897638,4.46681102362205,11.2511417322835,0.00188976377952756,11.253031496063,15.4335039370079,0.286338582677165,15.719842519685,9.6086062992126,1.01858267716535,0,1.01858267716535,8.06555118110236,9.08413385826772,0.426181102362205,0.00803149606299213,0.434212598425197,2.2498031496063,2.39448818897638,4.64429133858268,2.6759842519685,2.40251968503937,5.07850393700787,20.0685433070866,6.8286220472441,26.8971653543307,14.8313385826772,0.960118110236221,7.53397637795276,23.3254330708661,NA,NA,NA,NA,NA,NA,NA,NA,NA,NA,NA,NA,NA,NA,0.517244094488189,0.501062992125984,1.01830708661417,0.0359448818897638,NA,0.0359448818897638,0.0664173228346457,0.0211417322834646,0.0875590551181102,0.102362204724409,0.0211417322834646,0.123503937007874,0.478543307086614,3.18874015748032,3.66728346456693,0.319724409448819,0.00192913385826772,0.321653543307087,0.798267716535433,3.19066929133858,3.98893700787402,0.152755905511811,0,0.152755905511811,41.0235826771654,2.60358267716535,43.6271653543307,41.1763385826772,2.60358267716535,43.7799212598425,981.627598425197,0,0,0,40.2813385826772,2.58858267716535,42.8699212598425,40.2813385826772,2.58858267716535,42.8699212598425,507.884803149606,0.152755905511811,0,0.152755905511811,0.742244094488189,0.015,0.757244094488189,0.895,0.015,0.91,473.742795275591,26.880157480315,3.48122047244095,30.3613779527559,62.2403543307087,5.02303149606299,67.2633858267717,89.1205118110236,8.50425196850394,97.6247637795276
"42","utah",95.3063793103448,NA,NA,93.5645172413793,12.4537931034483,0.103448275862069,12.5572413793103,10.6496551724138,0,10.6496551724138,23.1034482758621,0.103448275862069,23.2068965517241,1.74186206896552,0.291034482758621,0,0.291034482758621,15.6365517241379,15.9275862068966,1.0748275862069,1.29413793103448,2.36896551724138,0.56551724137931,1.14137931034483,1.70689655172414,1.64034482758621,2.43551724137931,4.07586206896552,17.0324137931034,93.9862068965517,111.018620689655,21.5468965517241,0.05,24.4672413793103,46.0641379310345,16.8993103448276,93.4244827586207,110.323793103448,21.2206896551724,0.05,24.4672413793103,45.7379310344828,0.133103448275862,0.561724137931034,0.694827586206897,0.326206896551724,0,0,0.326206896551724,0.267931034482759,0.302068965517241,0.57,3.34931034482759,0,3.34931034482759,0,0,0,3.34931034482759,0,3.34931034482759,0.0893103448275862,1.43379310344828,1.52310344827586,0.0551724137931034,7.05655172413793,7.11172413793103,0.14448275862069,8.49034482758621,8.6348275862069,0.828620689655172,0.361379310344828,1.19,1.57172413793103,0.0162068965517241,1.58793103448276,2.40034482758621,0.377586206896552,2.77793103448276,1341.61931034483,0,0,0,0,0,0,0,0,0,6.30689655172414,0.828620689655172,0.361379310344828,1.19,1.57172413793103,0.0162068965517241,1.58793103448276,2.40034482758621,0.377586206896552,2.77793103448276,1335.3124137931,35.3872413793103,3.19275862068966,38.58,107.130344827586,8.21413793103448,115.344482758621,142.517586206897,11.4068965517241,153.924482758621
"43","vermont",44.6957857142857,13.4164285714286,18.3071428571429,31.7235714285714,0.997142857142857,0,0.997142857142857,2.08214285714286,0,2.08214285714286,3.07928571428571,0,3.07928571428571,12.9722142857143,0.973571428571429,0,0.973571428571429,1.87571428571429,2.84928571428571,0.142857142857143,0,0.142857142857143,0.263571428571429,0,0.263571428571429,0.406428571428571,0,0.406428571428571,0.055,0.12,0.175,0.212857142857143,0.0492857142857143,0.0221428571428571,0.284285714285714,0.0207142857142857,0.035,0.0557142857142857,0.0471428571428571,0.0492857142857143,0.0221428571428571,0.118571428571429,0.0342857142857143,0.085,0.119285714285714,0.165714285714286,0,0,0.165714285714286,0.301428571428571,0.100714285714286,0.402142857142857,0.426428571428571,NA,0.426428571428571,0.354285714285714,NA,0.354285714285714,0.780714285714286,0,0.780714285714286,0.0228571428571429,0,0.0228571428571429,0.252142857142857,0,0.252142857142857,0.275,0,0.275,0.0528571428571429,0,0.0528571428571429,24.6064285714286,0,24.6064285714286,24.6592857142857,0,24.6592857142857,373.555714285714,0,0,0,24.5857142857143,0,24.5857142857143,24.5857142857143,0,24.5857142857143,341.605,0.0528571428571429,0,0.0528571428571429,0.0207142857142857,0,0.0207142857142857,0.0735714285714286,0,0.0735714285714286,31.9507142857143,2.97214285714286,0,2.97214285714286,27.7792857142857,0,27.7792857142857,30.7514285714286,0,30.7514285714286
"44","virgin islands",35.4683333333333,NA,NA,23.004,0.303333333333333,0,0.303333333333333,0,1.65,1.65,0.303333333333333,1.65,1.95333333333333,12.4643333333333,0,0.89,0.89,1.22333333333333,2.11333333333333,0.0733333333333333,0,0.0733333333333333,0,0.873333333333333,0.873333333333333,0.0733333333333333,0.873333333333333,0.946666666666667,0,0,0,0,0,0,0,NA,NA,NA,NA,NA,NA,NA,NA,NA,NA,NA,NA,NA,NA,0.00333333333333333,0.00333333333333333,0.00666666666666667,0,NA,0,0,NA,0,0,0,0,0,0,0,0,0.0133333333333333,0.0133333333333333,0,0.0133333333333333,0.0133333333333333,0,0,0,0.0566666666666667,38.7333333333333,38.79,0.0566666666666667,38.7333333333333,38.79,276.666666666667,0,0,0,0.0566666666666667,38.7333333333333,38.79,0.0566666666666667,38.7333333333333,38.79,276.666666666667,0,0,0,0,0,0,0,0,0,0,0.38,0,0.38,0.95,41.27,42.22,1.33,41.27,42.6
"45","virginia",59.7091343283582,3.19120149253731,44.2084552238806,47.3996567164179,0.455373134328358,0.0742537313432836,0.529626865671642,4.43037313432836,0,4.43037313432836,4.88574626865672,0.0742537313432836,4.96,12.3094776119403,0.922985074626866,0,0.922985074626866,3.55529850746269,4.47828358208955,0.55410447761194,0.000149253731343284,0.554253731343284,2.30268656716418,0.418432835820896,2.72111940298507,2.85679104477612,0.418582089552239,3.27537313432836,0.119626865671642,0.338507462686567,0.458134328358209,0.760970149253731,0.108955223880597,0,0.869925373134328,0.0881343283582089,0.22365671641791,0.311791044776119,0.48410447761194,0.108955223880597,0,0.593059701492537,0.0314925373134328,0.114850746268657,0.14634328358209,0.276865671641791,0,0,0.276865671641791,0.0486567164179104,0.155522388059702,0.204179104477612,0.0700746268656716,0,0.0700746268656716,2.13320895522388,0,2.13320895522388,2.20328358208955,0,2.20328358208955,0.048955223880597,0,0.048955223880597,0.211641791044776,0,0.211641791044776,0.260597014925373,0,0.260597014925373,0.0115671641791045,0,0.0115671641791045,21.2980597014925,23.480671641791,44.7787313432836,21.3096268656716,23.480671641791,44.7902985074627,398.978208955224,0,0,0,21.1082089552239,23.480671641791,44.5888805970149,21.1082089552239,23.480671641791,44.5888805970149,312.054552238806,0.0115671641791045,0,0.0115671641791045,0.189850746268657,0,0.189850746268657,0.201417910447761,0,0.201417910447761,86.9236567164179,2.23134328358209,0.0744029850746269,2.30574626865672,30.87,23.8991044776119,54.7691044776119,33.1013432835821,23.9735074626866,57.0748507462687
"46","washington",172.424102564103,NA,NA,146.708743589744,12.0707692307692,0,12.0707692307692,11.2530769230769,0,11.2530769230769,23.3238461538462,0,23.3238461538462,25.715358974359,2.89282051282051,0.000512820512820513,2.89333333333333,16.2482051282051,19.1415384615385,2.54769230769231,0,2.54769230769231,9.18923076923077,0.84974358974359,10.0389743589744,11.7369230769231,0.84974358974359,12.5866666666667,20.4587179487179,60.2312820512821,80.69,32.5505128205128,2.20666666666667,5.67102564102564,40.4282051282051,20.0064102564103,59.9907692307692,79.9971794871795,31.9682051282051,2.20666666666667,5.67102564102564,39.8458974358974,0.452307692307692,0.240512820512821,0.692820512820513,0.582307692307692,0,0,0.582307692307692,0.492307692307692,0.219230769230769,0.711538461538462,2.21615384615385,NA,2.21615384615385,3.24948717948718,NA,3.24948717948718,5.46564102564103,0,5.46564102564103,0.342307692307692,0,0.342307692307692,0.0861538461538462,0,0.0861538461538462,0.428461538461538,0,0.428461538461538,0.0402564102564103,0,0.0402564102564103,0.932307692307692,0,0.932307692307692,0.972564102564103,0,0.972564102564103,514.326153846154,0,0,0,0,0,0,0,0,0,0,0.0402564102564103,0,0.0402564102564103,0.932307692307692,0,0.932307692307692,0.972564102564103,0,0.972564102564103,514.326153846154,41.0610256410256,0,41.0610256410256,85.1612820512821,0.84974358974359,86.0110256410256,126.222307692308,0.84974358974359,127.072051282051
"47","west virginia",33.6908,5.60367272727273,20.9356363636364,26.5393090909091,0.621272727272727,0,0.621272727272727,2.81818181818182,0,2.81818181818182,3.43945454545455,0,3.43945454545455,7.15149090909091,0.561454545454545,0.0114545454545455,0.572909090909091,2.12327272727273,2.69618181818182,0.638727272727273,0.0690909090909091,0.707818181818182,13.2550909090909,0,13.2550909090909,13.8938181818182,0.0690909090909091,13.9629090909091,0.000909090909090909,0.000727272727272727,0.00163636363636364,0.0458181818181818,0,0.0198181818181818,0.0656363636363636,NA,NA,NA,NA,NA,NA,NA,NA,NA,NA,NA,NA,NA,NA,0.0301818181818182,0.0621818181818182,0.0923636363636364,0.213090909090909,NA,0.213090909090909,0.738181818181818,NA,0.738181818181818,0.951272727272727,0,0.951272727272727,0.100545454545455,0.0185454545454545,0.119090909090909,0.163636363636364,0,0.163636363636364,0.264181818181818,0.0185454545454545,0.282727272727273,0.0254545454545455,0,0.0254545454545455,44.9074545454545,0,44.9074545454545,44.9329090909091,0,44.9329090909091,1408.18381818182,0.000363636363636364,0,0.000363636363636364,42.1005454545455,0,42.1005454545455,42.1009090909091,0,42.1009090909091,290.225636363636,0.0250909090909091,0,0.0250909090909091,2.80690909090909,0,2.80690909090909,2.832,0,2.832,1117.95818181818,2.19163636363636,0.0876363636363636,2.27927272727273,61.9569090909091,0,61.9569090909091,64.1485454545455,0.0876363636363636,64.2361818181818
"48","wisconsin",78.9859166666667,30.3565833333333,25.783875,56.1404583333333,3.62013888888889,0,3.62013888888889,3.06611111111111,0,3.06611111111111,6.68625,0,6.68625,22.8454583333333,1.08833333333333,0,1.08833333333333,2.93652777777778,4.02486111111111,0.754166666666667,0,0.754166666666667,5.30333333333333,0,5.30333333333333,6.0575,0,6.0575,3.55236111111111,1.70875,5.26111111111111,4.94555555555556,0,0.698888888888889,5.64444444444444,NA,NA,NA,NA,NA,NA,NA,NA,NA,NA,NA,NA,NA,NA,0.913472222222222,0.101388888888889,1.01486111111111,0.354305555555556,NA,0.354305555555556,0.420138888888889,NA,0.420138888888889,0.774444444444444,0,0.774444444444444,0.151805555555556,0,0.151805555555556,0.119861111111111,0,0.119861111111111,0.271666666666667,0,0.271666666666667,0.0386111111111111,0,0.0386111111111111,64.3293055555555,0,64.3293055555555,64.3679166666667,0,64.3679166666667,769.511388888889,0.01875,0,0.01875,63.8548611111111,0,63.8548611111111,63.8736111111111,0,63.8736111111111,555.555555555556,0.0198611111111111,0,0.0198611111111111,0.474444444444444,0,0.474444444444444,0.494305555555556,0,0.494305555555556,213.955833333333,10.4731944444444,0,10.4731944444444,75.0488888888889,0,75.0488888888889,85.5220833333333,0,85.5220833333333
"49","wyoming",24.5054782608696,9.70521739130435,9.83839130434783,19.5436086956522,2.23782608695652,0,2.23782608695652,2.06565217391304,0,2.06565217391304,4.30347826086957,0,4.30347826086957,4.96186956521739,0.371739130434783,0,0.371739130434783,3.16826086956522,3.54,0.213913043478261,0,0.213913043478261,0.0791304347826087,0,0.0791304347826087,0.29304347826087,0,0.29304347826087,19.0091304347826,170.962173913043,189.971304347826,8.00869565217391,0.179130434782609,38.8439130434783,47.0317391304348,NA,NA,NA,NA,NA,NA,NA,NA,NA,NA,NA,NA,NA,NA,0.26695652173913,0.449565217391304,0.716521739130435,0.091304347826087,NA,0.091304347826087,0.814347826086957,NA,0.814347826086957,0.905652173913044,0,0.905652173913044,1.61391304347826,2.91826086956522,4.53217391304348,0.565217391304348,0,0.565217391304348,2.17913043478261,2.91826086956522,5.09739130434783,0.0995652173913043,0,0.0995652173913043,2.65478260869565,0,2.65478260869565,2.75434782608696,0,2.75434782608696,1723.82956521739,0,0,0,0,0,0,0,0,0,0,0.0995652173913043,0,0.0995652173913043,2.65478260869565,0,2.65478260869565,2.75434782608696,0,2.75434782608696,1723.82956521739,23.904347826087,2.91826086956522,26.8226086956522,177.590869565217,0,177.590869565217,201.495217391304,2.91826086956522,204.41347826087
